-- phpMyAdmin SQL Dump
-- version 4.9.7
-- https://www.phpmyadmin.net/
--
-- Host: localhost:3306
-- Generation Time: Dec 17, 2021 at 04:12 PM
-- Server version: 5.7.23-23
-- PHP Version: 7.3.32

SET SQL_MODE = "NO_AUTO_VALUE_ON_ZERO";
SET AUTOCOMMIT = 0;
START TRANSACTION;
SET time_zone = "+00:00";


/*!40101 SET @OLD_CHARACTER_SET_CLIENT=@@CHARACTER_SET_CLIENT */;
/*!40101 SET @OLD_CHARACTER_SET_RESULTS=@@CHARACTER_SET_RESULTS */;
/*!40101 SET @OLD_COLLATION_CONNECTION=@@COLLATION_CONNECTION */;
/*!40101 SET NAMES utf8mb4 */;

--
-- Database: `curetech_office`
--

-- --------------------------------------------------------

--
-- Table structure for table `projects`
--

CREATE TABLE `projects` (
  `id` int(11) NOT NULL,
  `user_id` int(11) NOT NULL,
  `name` varchar(255) NOT NULL,
  `manager` varchar(255) DEFAULT NULL
) ENGINE=MyISAM DEFAULT CHARSET=latin1;

--
-- Dumping data for table `projects`
--

INSERT INTO `projects` (`id`, `user_id`, `name`, `manager`) VALUES
(7, 2, 'Marketing Team', 'Rakib Hasan'),
(9, 4, 'BACHAO', 'Quhelee Jinat Jhumu'),
(10, 4, 'EZKash', 'Sakeeb Khan'),
(11, 4, 'HR & SB', 'Md Habibullah Khan Shagor\r\n'),
(12, 4, 'Car Tender', 'Md Zaynal Abedin\r\n'),
(13, 4, 'Zahara Traders', 'Khandker Md Nahid Rahman'),
(1, 4, 'Continuous Tasks', 'CTL Office'),
(15, 4, 'MuslimTown', 'N/A'),
(16, 14, 'Office Admin', 'Fuizul Amin Ramon'),
(17, 14, 'Fund Raising Bachao ', 'Quhelee Jinat Jhumu');

-- --------------------------------------------------------

--
-- Table structure for table `tasks`
--

CREATE TABLE `tasks` (
  `id` int(11) NOT NULL,
  `project_id` int(11) NOT NULL,
  `user_id` int(11) NOT NULL,
  `description` text NOT NULL,
  `start_date` date DEFAULT NULL,
  `close_date` date DEFAULT NULL,
  `is_complete` int(11) DEFAULT '0'
) ENGINE=MyISAM DEFAULT CHARSET=latin1;

--
-- Dumping data for table `tasks`
--

INSERT INTO `tasks` (`id`, `project_id`, `user_id`, `description`, `start_date`, `close_date`, `is_complete`) VALUES
(99, 17, 18, 'Make Pack for partner/donor', '2021-12-01', '2021-12-03', 1),
(14, 9, 4, 'Bachao App & Web undone work delivery date report', '2021-11-29', '2021-11-30', 1),
(15, 10, 4, 'EZ project real content & modification', '2021-11-29', '2021-12-31', 0),
(40, 1, 4, 'Google AdWords Campaign Run & Maintenance', '2021-12-01', '2021-12-31', 0),
(18, 9, 19, 'NOC from Foreign Department(Bangladesh Bank)Temporary stop', '2021-12-01', '2021-12-14', 0),
(20, 9, 19, 'NGO bureau Certificate from NGO bureau', '2021-12-01', '2021-12-20', 0),
(25, 9, 22, 'CRM portal review', '2021-12-02', '2021-12-07', 1),
(102, 17, 18, 'FB donation post/ad', '2021-12-02', '2021-12-22', 0),
(26, 7, 9, 'Free Classified Add submission', '2021-12-01', '2021-12-30', 0),
(43, 7, 8, 'Manage all social media accounts', '2021-12-02', '2021-12-31', 0),
(28, 7, 15, 'Email Marketing', '2021-12-01', '2021-12-31', 0),
(49, 9, 4, 'Review Bachao CRM Portal', '2021-12-01', '2021-12-06', 1),
(34, 7, 7, 'Work on Quora', '2021-12-02', '2021-12-31', 0),
(32, 1, 4, 'CT domain, hosting, email support', '2021-12-01', '2021-12-31', 0),
(33, 1, 4, 'OHL & SW Maintenance & Update', '2021-12-01', '2021-12-31', 0),
(253, 9, 18, 'Finding out about Bidyanondo(Accept PayPal have verified Page in FB, Raise Donation)', '2021-11-02', '2021-12-17', 0),
(36, 7, 7, 'Work on pinterest', '2021-12-02', '2021-12-31', 0),
(37, 7, 7, 'Work on tumblr', '2021-12-02', '2021-12-31', 0),
(38, 7, 7, 'Work on weheartit', '2021-12-02', '2021-12-31', 0),
(39, 7, 7, 'Post on OHL and SW bog when received from writer', '2021-12-02', '2021-12-31', 0),
(100, 17, 18, 'Crowd Fund BD', '2021-12-02', '2021-12-20', 0),
(101, 17, 18, 'Crowd Fund project', '2021-12-02', '2021-12-22', 0),
(44, 7, 8, 'Manage all image sharing accounts', '2021-12-02', '2021-12-31', 0),
(45, 7, 8, 'Social Bookmarking, Profile Backlink, Blog Commenting', '2021-12-02', '2021-12-31', 0),
(46, 7, 8, 'Collect and share free blogspot link written by Mostafiz', '2021-12-02', '2021-12-31', 0),
(47, 7, 8, 'Work on Quora', '2021-12-02', '2021-12-31', 0),
(48, 7, 8, 'Work on Reddit', '2021-12-02', '2021-12-31', 0),
(50, 9, 4, 'Bachao Matrix V1 Finalizing', '2021-12-01', '2021-12-14', 1),
(51, 11, 4, 'TM project development and manage', '2021-11-30', '2021-12-31', 0),
(52, 7, 4, 'Digital Marketing & Support', '2021-12-01', '2021-12-31', 0),
(53, 7, 7, 'Work on reddit', '2021-12-02', '2021-12-31', 0),
(299, 9, 22, 'Bachao cost model report', '2021-12-06', '2021-12-13', 1),
(302, 9, 21, 'Meeting With MD Sir (Continue)', '2021-12-06', '2021-12-31', 0),
(300, 9, 22, 'Meeting with sir', '2021-12-06', '2021-12-30', 0),
(55, 7, 15, 'Facebook marketing', '2021-12-01', '2021-12-31', 0),
(56, 11, 16, 'Create & Submit Staff Utilization Report ', '2021-12-01', '2021-12-31', 0),
(57, 16, 3, 'Reception Work', '2021-11-28', '2021-12-15', 0),
(58, 11, 16, 'Getting update form Email and Fb & send to HR ', '2021-12-02', '2021-12-31', 0),
(59, 7, 13, 'Worked on Pinterest', '2021-12-01', '2021-12-31', 0),
(60, 11, 16, 'Manage, reply choose messages, give the list to @Naahid Riimon @Habibullah Khan', '2021-12-02', '2021-12-03', 0),
(61, 7, 13, 'Twitter Marketing', '2021-12-01', '2021-12-31', 0),
(62, 7, 13, 'Tumblr Marketing', '2021-12-01', '2021-12-31', 0),
(63, 11, 16, 'Download and collect cv from email ', '2021-12-02', '2021-12-03', 0),
(64, 16, 14, 'Task Manage', '2021-12-01', '2021-12-31', 0),
(65, 16, 14, 'Seating with every employee 10 min everyday', '2021-12-02', '2021-12-31', 0),
(66, 16, 14, 'CureTech Office Monitor ', '2021-12-01', '2021-12-31', 0),
(67, 7, 13, 'Flicker Marketing', '2021-12-01', '2021-12-31', 0),
(68, 16, 14, 'All meeting office manage ', '2021-12-02', '2021-12-31', 0),
(69, 16, 14, 'Utilization Sheet Update Every Month - continue', '2021-12-02', '2021-12-30', 0),
(70, 7, 13, 'Heart It Marketing', '2021-12-01', '2021-12-31', 0),
(71, 7, 13, 'Quara Marketing', '2021-12-01', '2021-12-31', 0),
(72, 7, 12, 'Email Marketing', '2021-12-02', '2022-01-02', 0),
(73, 7, 13, 'Event Submission', '2021-12-01', '2021-12-31', 0),
(74, 7, 13, 'Podcast Submission', '2021-12-01', '2021-12-31', 0),
(75, 7, 13, 'RSS Feed Submission', '2021-12-01', '2021-12-31', 0),
(76, 7, 13, 'Email Marketing ', '2021-12-01', '2021-12-31', 0),
(77, 7, 12, 'Quora Q/A', '2021-12-02', '2022-01-02', 0),
(78, 7, 10, 'Profile Creation', '2021-12-02', '2021-12-31', 0),
(79, 7, 13, 'Analytics Report', '2021-12-28', '2021-12-04', 0),
(80, 7, 10, 'Classified Ads Posting ', '2021-12-02', '2021-12-31', 0),
(81, 7, 10, 'Blog Comments', '2021-12-02', '2021-12-31', 0),
(82, 7, 10, 'Email Marketing', '2021-12-02', '2021-12-31', 0),
(83, 7, 12, 'Pinterest', '2021-12-02', '2022-01-02', 0),
(84, 7, 10, 'Forum Posting', '2021-12-02', '2021-12-31', 0),
(85, 7, 10, 'Facebook Marketing (SW)', '2021-12-02', '2021-12-31', 0),
(86, 7, 10, 'Directory Submission', '2021-12-02', '2021-12-31', 0),
(87, 7, 10, 'Social Bookmarking', '2021-12-02', '2021-12-31', 0),
(88, 7, 10, 'Infographic Submission ', '2021-12-02', '2021-12-31', 0),
(89, 7, 10, 'Youtube Marketing SW', '2021-12-02', '2021-12-31', 0),
(90, 7, 10, 'Work on Quora', '2021-12-02', '2021-12-31', 0),
(91, 7, 10, 'Event Submission', '2021-12-02', '2021-12-31', 0),
(92, 7, 10, 'Press Release Submission ', '2021-12-02', '2021-12-31', 0),
(93, 7, 10, 'Reddit Marketing', '2021-12-02', '2021-12-31', 0),
(94, 7, 10, 'Podcast Submission (audio Submission)', '2021-12-02', '2021-12-31', 0),
(95, 7, 10, 'RSS Feed Submission', '2021-12-02', '2021-12-31', 0),
(96, 7, 10, 'Wikipedia Submission', '2021-12-12', '2021-12-31', 0),
(97, 17, 4, 'Launch Payment GW (With bKash, Nagad, Cards globally)', '2021-12-02', '2021-12-18', 0),
(98, 17, 4, 'Integrate PayPal (PayPal and/or cards if global cards was not accepted by BD PGW)', '2021-12-02', '2021-12-17', 0),
(103, 17, 18, 'Crowd Fund Global', '2021-12-02', '2021-12-22', 0),
(104, 17, 5, 'ECF, Uttora, CCCL', '2021-12-02', '2021-12-07', 0),
(105, 17, 5, 'Corporate CSR from ECF', '2021-12-02', '2021-12-12', 0),
(106, 17, 5, 'Corporate Stakeholders', '2021-12-02', '2021-12-10', 0),
(115, 17, 19, 'Khair Tarafdar vai', '2021-12-02', '2021-12-07', 1),
(117, 17, 20, 'Moshal', '2021-12-02', '2021-12-31', 0),
(380, 9, 22, 'Meeting with SkyTech and rasad vai', '2021-12-12', '2021-12-31', 0),
(379, 9, 19, 'Meeting with Jalal Sir', '2021-12-12', '2021-12-31', 0),
(112, 17, 5, 'Individual Moin, EC', '2021-12-02', '2021-12-09', 0),
(120, 17, 20, 'Individual Jeeshan, JCC', '2021-12-02', '2021-12-22', 0),
(370, 17, 26, 'Making Connectivity for Bachao Fund Raising', '2021-12-09', '2021-12-31', 0),
(369, 9, 20, 'Work with HR', '2021-12-09', '2021-12-30', 0),
(123, 17, 20, 'Foreign: Asif, Rabbani UK', '2021-12-02', '2021-12-22', 0),
(124, 17, 20, 'TMSS', '2021-12-02', '2021-12-31', 0),
(125, 7, 9, 'Profile Backlinks', '2021-12-02', '2021-12-31', 0),
(126, 17, 1, 'Individual: Tariq JCC', '2021-12-02', '2021-12-07', 0),
(127, 17, 1, 'Individual Firoz vai MCC', '2021-12-02', '2021-12-07', 0),
(128, 17, 1, 'Individual Iftekhar MCC', '2021-12-02', '2021-12-07', 0),
(129, 7, 9, 'Niche relevant forum posting/general posting/ reply', '2021-12-02', '2021-12-31', 0),
(130, 17, 1, 'Individual Saquib', '2021-12-02', '2021-12-08', 0),
(131, 7, 9, 'Directory Submission', '2021-12-02', '2021-12-31', 0),
(132, 17, 1, 'Individual Humayun vai, MCC', '2021-12-02', '2021-12-08', 0),
(133, 7, 11, 'Pinterest Promotion', '2021-12-02', '2021-12-31', 0),
(134, 7, 9, 'Bookmarking', '2021-12-02', '2021-12-31', 0),
(135, 17, 1, 'Individual Ahmedul vai, MCC', '2021-12-02', '2021-12-09', 0),
(136, 7, 9, 'Blog commenting', '2021-12-02', '2021-12-31', 0),
(137, 17, 1, 'Foreign: Kamal vai MCC', '2021-12-02', '2021-12-09', 0),
(138, 17, 1, 'Foreign: Topu, CCR', '2021-12-02', '2021-12-09', 0),
(139, 7, 9, 'Infographic Submission', '2021-12-02', '2021-12-31', 0),
(140, 17, 1, 'Foreign: Md Hoque, Monipur', '2021-12-02', '2021-12-08', 0),
(141, 17, 1, 'Foreign: Sabina apa, Aus', '2021-12-02', '2021-12-09', 0),
(142, 17, 1, 'Foreign: Shojib, Shubel Canada ', '2021-12-02', '2021-12-09', 0),
(144, 17, 1, 'Foreign: IIUM, USA', '2021-12-02', '2021-12-10', 0),
(145, 17, 1, 'UNDP', '2021-12-02', '2021-12-12', 0),
(146, 17, 21, 'Foreign: Bari Kahar', '2021-12-02', '2021-12-10', 1),
(147, 17, 21, 'ACNC paper', '2021-12-02', '2021-12-31', 0),
(163, 7, 11, 'Forum Posting Backlinks', '2021-12-02', '2021-12-31', 0),
(295, 9, 18, 'Meeting With MD Sir (Continue)', '2021-12-01', '2021-12-31', 0),
(150, 7, 11, 'Social Bookmarking (SW, OHL)', '2021-12-02', '2021-12-31', 0),
(151, 9, 18, 'Find out Communicate person from ek takar ahar, biddanondo ', '2021-12-02', '2021-12-05', 1),
(152, 7, 11, 'Linkedin Promotion', '2021-12-02', '2021-12-31', 0),
(153, 7, 11, 'Email Marketing (SW, OHL) ', '2021-12-02', '2021-12-31', 0),
(154, 17, 25, 'Event in CCL', '2021-12-02', '2021-12-10', 0),
(155, 17, 25, 'ECF, MECA, ORCA, OFA', '2021-12-02', '2021-12-12', 0),
(156, 17, 25, 'Govt Stakeholders', '2021-12-02', '2021-12-17', 0),
(157, 17, 25, 'Bank Stakeholders', '2021-12-02', '2021-12-10', 0),
(158, 7, 11, 'Blog Free Sub Domain Post ', '2021-12-02', '2021-12-31', 0),
(159, 17, 25, 'Individual Ashraf/Naimur, MCC', '2021-12-02', '2021-12-17', 0),
(160, 17, 25, 'Individual Robin', '2021-12-02', '2021-12-07', 0),
(161, 7, 11, 'Profile Forum Backlinks (SW, OHL)', '2021-12-02', '2021-12-31', 0),
(162, 17, 19, 'Payment GW papers', '2021-12-02', '2021-12-10', 0),
(164, 7, 11, 'Niche Relevant Forum Posting Backlinks (SW, OHL)', '2021-12-02', '2021-12-31', 0),
(165, 7, 11, 'SW official Twitter AC Maintaining', '2021-12-02', '2021-12-31', 0),
(166, 7, 11, 'SW Website Promotion on Twitter', '2021-12-02', '2021-12-31', 0),
(167, 7, 11, 'Infographic Content Create and Submission (SW OHL)', '2021-12-02', '2021-12-31', 0),
(170, 7, 11, 'Free Classified Ads (SW OHL)', '2021-12-02', '2021-12-31', 0),
(169, 7, 10, 'Microworkers Ads Campaign', '2021-12-02', '2021-12-31', 1),
(171, 7, 11, 'Directory Submission (SW OHL)', '2021-12-02', '2021-12-31', 0),
(172, 7, 11, 'Quora Promotion (SW OHL) ', '2021-12-02', '2021-12-31', 0),
(173, 7, 11, 'Facebook Marketing ', '2021-12-02', '2021-12-31', 0),
(174, 7, 11, 'Niche Relevant Blog Comments', '2021-12-02', '2021-12-31', 0),
(175, 7, 11, 'Tumblr Promotion', '2021-12-02', '2021-12-31', 0),
(176, 7, 11, 'Reddit Promotion', '2021-12-02', '2021-12-31', 0),
(177, 7, 11, 'Youtube Video Marketing', '2021-12-02', '2021-12-31', 0),
(178, 7, 9, 'Guest posting', '2021-12-02', '2021-12-31', 0),
(179, 7, 9, 'Event submission', '2021-12-02', '2021-12-31', 0),
(180, 7, 9, 'RSS feed Submission', '2021-12-02', '2021-12-31', 0),
(181, 7, 9, 'podcasting submission', '2021-12-02', '2021-12-31', 0),
(182, 7, 9, 'Quora', '2021-12-02', '2021-12-31', 0),
(183, 7, 9, 'Reddit', '2021-12-02', '2021-12-31', 0),
(184, 7, 9, 'OHL new blog image and image optimization', '2021-12-02', '2021-12-31', 0),
(185, 7, 9, 'Email Marketing', '2021-12-02', '2021-12-31', 0),
(194, 7, 15, 'Meeting with Sir', '2021-12-02', '2021-12-02', 1),
(193, 7, 15, 'HR Utilization meeting', '2021-12-02', '2021-12-02', 1),
(189, 7, 9, 'Taking interviews and selecting resources', '2021-12-02', '2021-12-02', 1),
(190, 7, 15, 'Taking Interview in office', '2021-12-02', '2021-12-02', 1),
(191, 7, 15, 'Sorting and selecting for final offer letters', '2021-12-02', '2021-12-02', 1),
(197, 9, 4, 'R3 Testing (App R3)', '2021-12-09', '2021-12-13', 1),
(327, 13, 21, 'Monthly Meeting', '2021-12-01', '2023-01-10', 0),
(326, 9, 20, 'Meeting with Jalal sir', '2021-12-07', '2021-12-30', 0),
(201, 7, 15, 'Workshop', '2021-12-02', '2021-12-02', 1),
(325, 9, 19, 'Monthly Meeting ', '2021-12-07', '2021-12-31', 0),
(203, 9, 21, 'Bari Kahar  (Bachao USA JV)', '2021-11-28', '2021-12-10', 1),
(204, 9, 21, 'Impact PR Media  (PR)', '2021-11-24', '2022-01-31', 0),
(257, 9, 22, 'Bachao App And website test', '2021-12-05', '2021-12-31', 0),
(271, 11, 6, 'HR continuous task', '2021-12-01', '2021-12-31', 0),
(272, 15, 15, 'Muslim Town JD Publish', '2021-12-05', '2021-12-06', 1),
(207, 9, 18, 'Company Profile', '2021-11-29', '2021-12-14', 1),
(208, 7, 15, 'Blog Commenting', '2021-12-01', '2021-12-31', 0),
(209, 7, 7, 'Team meeting', '2021-12-04', '2021-12-31', 0),
(210, 11, 6, 'MT JD Publish', '2021-12-04', '2021-12-11', 0),
(211, 7, 8, 'Meeting with team', '2021-12-04', '2021-12-04', 0),
(212, 7, 15, 'Attend a Meeting', '2021-12-04', '2021-12-04', 1),
(213, 7, 15, 'Work on Quora', '2021-12-01', '2021-12-31', 0),
(214, 7, 15, 'Work on Pinterest', '2021-12-01', '2021-12-31', 0),
(215, 7, 15, 'Work on Reddit', '2021-12-01', '2021-12-31', 0),
(216, 7, 15, 'Work on Wehert', '2021-12-01', '2021-12-31', 0),
(217, 7, 15, 'Work on instagram', '2021-12-01', '2021-12-31', 0),
(218, 7, 15, 'Weekly Marketing Report', '2021-12-01', '2021-12-31', 0),
(219, 7, 15, 'Work on Twitter', '2021-12-01', '2021-12-31', 0),
(220, 7, 15, 'Work on Tumblr', '2021-12-01', '2021-12-31', 0),
(221, 7, 15, 'Work on Flickr', '2021-12-01', '2021-12-31', 0),
(222, 7, 15, 'Copy blog and add keyword', '2021-12-01', '2021-12-31', 0),
(223, 7, 15, 'Send Blog Update and Ere', '2021-12-01', '2021-12-31', 0),
(224, 7, 15, 'Work on Behance', '2021-12-01', '2021-12-31', 0),
(348, 7, 28, 'E-mail Marketing', '2021-12-08', '2021-12-31', 0),
(227, 7, 13, 'Analytics Report', '2021-11-28', '2021-12-05', 0),
(228, 9, 5, 'Bachao Team Monitoring & Reporting ', '2021-12-01', '2021-12-31', 0),
(229, 9, 5, 'Bachao Team Mail Corresponding', '2021-12-01', '2021-12-31', 0),
(230, 9, 5, 'Bachao Team Meeting (HR, Finance, Admin, Task manager, Team member, 3rd party)', '2021-12-01', '2021-12-31', 0),
(231, 13, 21, 'ZT IRC Papers\r\nhelping hand: SHAGOR', '2021-12-05', '2021-12-30', 0),
(232, 9, 5, 'Bachao Communications', '2021-12-01', '2021-12-31', 0),
(233, 13, 21, 'ZT ERC Papers\r\nhelping hand: SHAGOR', '2021-12-05', '2021-12-30', 0),
(234, 13, 21, 'ZT IBBL bank account activate\r\nhelping hand: SHAGOR', '2021-12-05', '2021-12-23', 0),
(235, 13, 21, 'DAYITTO: ASIF NOMANI: +8801620-292920, FOLLOWUP & update for meeting', '2021-12-05', '2021-12-12', 1),
(236, 13, 21, 'ZT: Meeting with Buyers for RFQ', '2021-12-05', '2021-12-30', 0),
(237, 1, 5, 'Helping Hand (Zeba, Bappi, Nahid)', '2021-12-01', '2021-12-31', 0),
(238, 13, 21, 'ZT: Communicating with Suppliers for buyers RFQ', '2021-12-05', '2021-12-30', 0),
(241, 13, 21, 'ACNC registration works: Constitution need to submit to Mainul sir, taking from CEO sir\r\nhelping hand: CEO sir', '2021-12-03', '2021-12-13', 1),
(240, 13, 21, 'Choose emails update to CEO sir\r\nHelping hand: ruman', '2021-12-05', '2021-12-13', 1),
(242, 13, 21, 'CHOOSE FB/Messenger Reply: update to CEO sir\r\nhelping hand: Ruman', '2021-12-05', '2021-12-13', 1),
(243, 13, 21, 'ZT buyer RFQ from web to Excel/word file updating for marketing to seller/supplier', '2021-12-03', '2021-12-31', 0),
(244, 13, 21, 'Zahara Traders some papers need to make like bill, challan, letter head pad. LOGO given by CEO sir\r\nHelping hand: Shagor', '2021-12-05', '2021-12-23', 0),
(245, 13, 21, 'Accounting company: RFQ wise, need to update CEO sir\r\nhelping hand: Shagor\r\n', '2021-12-03', '2021-12-30', 0),
(247, 9, 5, 'Workshop', '2021-12-01', '2021-12-31', 0),
(248, 9, 19, 'Workshop ', '2021-12-05', '2021-12-31', 0),
(250, 9, 20, 'Social media maintenance', '2021-12-05', '2021-12-30', 0),
(251, 9, 20, 'Handling Bachao help line', '2021-12-05', '2021-12-30', 0),
(252, 9, 20, 'Bachao Email follow up', '2021-12-05', '2021-12-30', 0),
(254, 9, 20, 'Bachao Communication', '2021-12-05', '2021-12-30', 0),
(258, 9, 22, 'Meeting with (manager& task manager & Hr & team member & finance', '2021-12-05', '2021-12-31', 0),
(259, 9, 19, 'Meeting With Task Manager', '2021-12-05', '2021-12-31', 0),
(260, 9, 19, 'Task Report To Project Manager', '2021-12-05', '2021-12-31', 0),
(261, 9, 20, 'Workshop', '2021-12-05', '2021-12-30', 0),
(262, 9, 20, 'Task report to project manager', '2021-12-05', '2021-12-30', 0),
(268, 9, 20, 'Meeting with task manager', '2021-12-05', '2021-12-30', 0),
(264, 9, 22, 'Workshop', '2021-12-05', '2021-12-30', 0),
(265, 9, 21, 'WORKSHOP', '2021-12-05', '2021-12-31', 0),
(266, 9, 22, 'Bachao CMS review', '2021-12-05', '2021-12-30', 0),
(267, 9, 22, 'Google play consol review', '2021-12-05', '2021-12-30', 0),
(269, 9, 19, 'Helping Hand of Zeba (Bachao Help line)', '2021-12-05', '2021-12-31', 0),
(270, 9, 22, 'Bachao matrix v1 finalize', '2021-12-02', '2021-12-07', 1),
(273, 13, 21, 'Choose Funding project works', '2021-12-05', '2021-12-30', 0),
(274, 17, 18, 'Fund Rising Image Work (Helping Ramon bhai)', '2021-12-05', '2021-12-06', 1),
(276, 9, 18, 'Working report to PM', '2021-12-01', '2021-12-31', 0),
(277, 16, 9, 'create icons', '2021-12-06', '2021-12-07', 1),
(278, 13, 21, 'Choose pandey & co. meeting arrangement with CEO sir.\r\nhelping hand: OMAR', '2021-12-06', '2021-12-12', 1),
(279, 13, 21, 'Choose Sayeed Agreement arrangement with CEO sir & choose team', '2021-12-06', '2021-12-12', 0),
(280, 7, 29, 'Profile Backlinks', '2021-12-06', '2021-12-31', 0),
(281, 7, 29, 'Forum Posting', '2021-12-06', '2021-12-31', 0),
(282, 7, 29, 'Directory Submission', '2021-12-06', '2021-12-31', 0),
(283, 7, 29, 'Social bookmarking', '2021-12-06', '2021-12-31', 0),
(284, 7, 29, 'Blog Commenting', '2021-12-06', '2021-12-31', 0),
(286, 11, 6, 'HR & Admin (Intern) recruitment', '2021-12-06', '2021-12-13', 0),
(287, 11, 6, 'Muslim Town Manager Recruitment ', '2021-12-05', '2021-12-14', 0),
(288, 11, 6, 'Corporate Brand Face Recruitment ', '2021-12-06', '2021-12-15', 0),
(289, 11, 6, 'Choose Manager, Web & App Dev & Support Interview & Recruitment ', '2021-12-06', '2021-12-16', 0),
(290, 7, 9, 'meeting with HR\r\nMeeting with marketing team + meeting minutes', '2021-12-06', '2021-12-06', 1),
(291, 9, 18, 'Follow-up Bachao App update & Bachao media platform (Facebook, YouTube & Instagram)', '2021-12-01', '2021-12-31', 0),
(294, 17, 19, 'Fund Raising Meeting', '2021-12-06', '2021-12-31', 0),
(296, 17, 18, 'Fund Raising Meeting ', '2021-12-01', '2021-12-31', 0),
(297, 17, 20, 'Fund raising meeting', '2021-12-06', '2021-12-30', 0),
(301, 17, 5, 'Fund raising team meeting (continue)', '2021-12-01', '2021-12-31', 0),
(303, 9, 5, 'Meeting With MD Sir (Continue)', '2021-12-01', '2021-12-31', 0),
(304, 17, 22, 'Fand raising meeting ', '2021-12-06', '2021-12-31', 0),
(305, 17, 21, 'Fund Rising meeting', '2021-12-06', '2021-12-31', 0),
(307, 11, 16, 'Internship jd posting in social media ', '2021-12-06', '2021-12-07', 0),
(308, 11, 16, 'Email send for online interview to brand face marketing ', '2021-12-06', '2021-12-06', 1),
(309, 11, 16, '3post cv summaries ', '2021-12-06', '2021-12-08', 0),
(310, 7, 28, 'Social Media Account Create', '2021-12-06', '2021-12-08', 1),
(311, 13, 21, 'Email corresponding', '2021-12-01', '2021-12-31', 0),
(312, 9, 21, 'Email corresponding', '2021-12-01', '2021-12-31', 0),
(313, 7, 27, 'Free Guest Post', '2021-12-06', '2021-12-31', 0),
(314, 7, 15, 'Attend 3 Meeting ', '2021-12-06', '2021-12-06', 1),
(315, 7, 27, 'Directory submission', '2021-12-06', '2021-12-31', 0),
(317, 7, 27, 'Forum Posting', '2021-12-06', '2021-12-31', 0),
(318, 7, 27, 'Profile Forum', '2021-12-06', '2021-12-31', 0),
(319, 11, 16, 'Find out some full furnished apartment for sir friend ', '2021-12-06', '2021-12-07', 0),
(320, 7, 28, 'Blog Commenting', '2021-12-07', '2021-12-31', 0),
(321, 13, 21, 'Choose brand face online candidates meeting with Mr. Shagor & Mr. ruman', '2021-12-07', '2021-12-07', 1),
(322, 17, 26, 'Fund Raising Meeting', '2021-12-06', '2021-12-31', 0),
(328, 13, 21, 'Choose agreement draft works with RAMON & Shagor vai, for choose attendee', '2021-12-07', '2021-12-31', 0),
(324, 11, 16, 'CBFM Online Interview Arrangement ', '2021-12-07', '2021-12-07', 1),
(329, 9, 22, 'Bachao  CRM portal check', '2021-12-07', '2021-12-30', 0),
(330, 7, 15, 'Facebook Group Marketing', '2021-12-01', '2021-12-31', 0),
(331, 7, 15, 'Youtube Marketing', '2021-12-01', '2021-12-31', 0),
(332, 7, 15, 'Event Submission', '2021-12-01', '2021-12-31', 0),
(333, 7, 11, 'Monthly Meeting in Office', '2021-12-07', '2021-12-07', 1),
(334, 7, 15, 'Podcast Submission', '2021-12-01', '2021-12-31', 0),
(335, 7, 15, 'RSS Feed Submission', '2021-12-01', '2021-12-31', 0),
(336, 7, 15, 'Attend Monthly meeting ', '2021-12-07', '2021-12-07', 1),
(337, 7, 27, 'Blog Commenting', '2021-12-08', '2021-12-31', 0),
(338, 10, 4, 'EZ getting information and decisions', '2021-12-08', '2021-12-31', 0),
(339, 7, 28, 'Quora', '2021-12-07', '2021-12-31', 0),
(340, 7, 28, 'Reddit', '2021-12-07', '2021-12-31', 0),
(350, 9, 18, 'Meeting with Task Manager', '2021-12-01', '2021-12-31', 0),
(341, 16, 14, 'Making a plan of an office tour ', '2021-12-08', '2021-12-14', 0),
(342, 16, 16, 'Office Tour Organize', '2021-12-08', '2021-12-31', 0),
(343, 7, 29, 'Email Marketing', '2021-12-08', '2021-12-31', 0),
(344, 7, 29, 'Quora', '2021-12-08', '2021-12-31', 0),
(345, 7, 29, 'Reddit', '2021-12-08', '2021-12-31', 0),
(346, 10, 9, 'Image Editing for EZkash', '2021-12-08', '2021-12-13', 1),
(349, 7, 27, 'E.mail mkt', '2021-12-08', '2021-12-31', 0),
(351, 10, 26, 'Meeting with Jalal Sir', '2021-12-08', '2021-12-31', 0),
(352, 13, 21, 'Ex cadet list calling for meeting, helping hand: OMAR, approx. meeting date: 12/12/2021 & 13/12/2021', '2021-12-08', '2021-12-13', 1),
(353, 7, 15, 'Attend a Meeting', '2021-12-08', '2021-12-08', 1),
(354, 7, 27, 'Quora', '2021-12-08', '2021-12-31', 0),
(355, 7, 27, 'Redit', '2021-12-08', '2021-12-31', 0),
(356, 7, 28, 'Facebook', '2021-12-09', '2021-12-31', 0),
(357, 7, 28, 'Tumblr ', '2021-12-09', '2021-12-31', 0),
(358, 7, 28, 'Twitter ', '2021-12-09', '2021-12-31', 0),
(359, 7, 28, 'Weheartit ', '2021-12-09', '2021-12-31', 0),
(360, 7, 28, 'Flickr', '2021-12-09', '2021-12-31', 0),
(361, 7, 28, 'Behance', '2021-12-09', '2021-12-31', 0),
(362, 7, 28, ' Quora ', '2021-12-09', '2021-12-31', 0),
(363, 7, 28, 'Linkedin ', '2021-12-09', '2021-12-31', 0),
(364, 7, 28, 'Pinterest', '2021-12-09', '2021-12-31', 0),
(365, 7, 28, 'Reddit ', '2021-12-09', '2021-12-31', 0),
(366, 7, 29, 'Niche Relevant Forum Posting', '2021-12-09', '2021-12-31', 0),
(367, 17, 19, 'Ex-Cadet List Update and Connectivity ', '2021-12-09', '2021-12-31', 0),
(368, 17, 20, 'Communicate with ex-cadets', '2021-12-09', '2021-12-30', 0),
(371, 17, 19, 'Making Connectivity for Fund Raising(Helping Hand)', '2021-12-09', '2021-12-19', 0),
(373, 11, 4, 'Web and App Dev and Support Hiring Process', '2021-12-10', '2021-12-23', 0),
(374, 13, 21, 'Choose project (funding): final agreement: Mr. Anupom (Pandey & co:) & Sayeed (Majesty Traders)', '2021-12-12', '2021-12-15', 0),
(375, 17, 21, 'REDx meeting for Partnership & Stakeholders', '2021-12-12', '2021-12-30', 0),
(377, 7, 9, 'Marketing Meeting and meeting minutes', '2021-12-01', '2021-12-31', 0),
(378, 7, 11, 'Meeting with Marketing Team', '2021-12-12', '2021-12-31', 0),
(381, 13, 21, 'Meeting with Redx & Bachao team for Partnership & Corporate MOU', '2021-12-12', '2021-12-15', 0),
(382, 9, 19, 'Review Bachao Constitution(Helping Nahid Vai)', '2021-12-13', '2021-12-20', 1),
(383, 17, 21, 'ACT works: Send profile to Mainul sir', '2021-12-13', '2021-12-13', 1),
(384, 17, 21, 'ACT works: Constitution Editing works & submit to mainul sir', '2021-12-13', '2021-12-13', 1),
(385, 1, 18, 'Communication & Helping Others', '2021-12-01', '2021-12-31', 0),
(386, 9, 22, 'bachao V1 finalize wth figma', '2021-12-12', '2021-12-15', 1),
(387, 11, 14, ' this is test t ask ', '2021-12-14', '2021-12-16', 0),
(388, 11, 14, ' test task 3 ', '2021-12-14', '2021-12-22', 1),
(389, 9, 20, 'Communicate with Prothom Alo', '2021-12-14', '2021-12-20', 0),
(390, 7, 27, 'Book marking', '2021-12-15', '2021-12-31', 0),
(391, 12, 30, 'polli unnoyon board, Khilkhet', '2021-12-15', '2021-12-15', 1),
(392, 12, 30, 'visit 10 car Showroom', '2021-12-15', '2021-12-19', 0),
(393, 11, 31, 'Visit 10 Car shops ', '2021-12-15', '2021-12-15', 1),
(394, 17, 21, 'BACHAO: FUND raising: (LANKA BANGLA FINANCE), helping hand: Shakeeb / OMI', '2021-12-15', '2021-12-31', 0),
(395, 17, 21, 'BACHAO: FUND raising: (LANKA BANGLA FOUNDATION), helping hand: Shakeeb / OMI', '2021-12-15', '2021-12-31', 0),
(396, 17, 21, 'BACHAO: FUND raising: (GREEN DELTA CAPITAL / GREEN DELTA GROUP), helping hand: Shakeeb / OMI', '2021-12-15', '2021-12-31', 0),
(397, 17, 21, 'BACHAO: FUND raising: (IIDFC: Industrial & Infrastructure Development Finance Company), helping hand: Shakeeb / OMI', '2021-12-15', '2021-12-31', 0),
(398, 11, 31, 'Sold Car list With prices ( Old and Most recent)', '2021-12-15', '2021-12-15', 1),
(399, 17, 20, 'Prawma apa,Emdad vai', '2021-12-15', '2021-12-22', 0),
(400, 17, 20, 'set a meeting with bcash,surecash', '2021-12-15', '2021-12-22', 0),
(401, 9, 18, 'Bachao Visiting Card & ID Card Design and print', '2021-12-15', '2021-12-23', 0),
(402, 9, 18, 'Company Profile Print', '2021-12-14', '2021-12-23', 0),
(403, 9, 4, 'Bachao App V1 - Matrix Finalizing', '2021-12-15', '2021-12-31', 0),
(404, 12, 17, '2 garage final,1 comilla', '2021-12-15', '2021-12-31', 0),
(405, 12, 17, '2BRTC dalal, dhaka, chadpur', '2021-12-15', '2021-12-31', 0),
(406, 12, 17, 'Daily all tender.com check, update on list ', '2021-12-15', '2021-12-31', 0),
(407, 12, 17, 'Buy forms,inspect cars\r\nPhoto of car,marketing price,\r\n', '2021-12-15', '2021-12-31', 0),
(408, 12, 17, 'Survey:most sold cars', '2021-12-15', '2021-12-31', 0),
(409, 12, 17, 'Survey:most used cars in pathao, uber ', '2021-12-15', '2021-12-31', 0);

-- --------------------------------------------------------

--
-- Table structure for table `users`
--

CREATE TABLE `users` (
  `id` int(11) NOT NULL,
  `name` varchar(50) NOT NULL,
  `email` varchar(50) NOT NULL,
  `password` varchar(50) NOT NULL,
  `role` tinyint(4) NOT NULL DEFAULT '2'
) ENGINE=MyISAM DEFAULT CHARSET=latin1;

--
-- Dumping data for table `users`
--

INSERT INTO `users` (`id`, `name`, `email`, `password`, `role`) VALUES
(25, 'Sakeeb Khan', 'm.sakeeb@curetechbd.com', '122122', 2),
(3, 'Sardar Fuizul Amin Ramon', 'rfuizulamin@gmail.com', '122122', 1),
(4, 'Md Rashadul Islam', 'itsrashad@gmail.com', '122122', 1),
(5, 'Quhelee Jinat Jhumu', 'quhelee@curetechbd.com', '122122', 1),
(6, 'Md Habibullah Khan Shagor', 'khanshagor17@gmail.com', '122122', 1),
(7, 'Md Mostafizur Rahman', 'mmrcuretech@gmail.com', '122122', 2),
(8, 'Md Shahinuzzaman', 'shahin841@gmail.com', '122122', 1),
(9, 'Tasmin Ahmed Soheli', 'soheli@curetechbd.com', '122122', 2),
(10, 'Robiul Islam', 'r.islam@curetechbd.com', '122122', 2),
(11, 'Md Masum Billah', 'm.billah@curetechbd.com', '122122', 2),
(12, 'Md Razedul Islam', 'razedulislam2017@gmail.com', '122122', 2),
(13, 'Jannatul Fardous (Sneha)', 'jannatulsneha95@gmail.com', '122122', 1),
(14, 'Md Omar Faruk', 'omarf7120@gmail.com', '122122', 1),
(15, 'Rakib Hasan', 'tipusultan9t7a@gmail.com', '122122', 1),
(16, 'Md Ruman', 'md.ruman10382@gmail.com', '122122', 2),
(17, 'Md Zaynal Abedin', 'abedin6165@gmail.com', '122122', 1),
(18, 'Shakil Mahmud Bappi', 'sm_bappi@curetechbd.com', '122122', 1),
(19, 'MD Noufel Afroze Omi', 'n.omi@curetechbd.com', '122122', 1),
(20, 'Zeba Fariha', 'z.fariha@curetechbd.com', '122122', 1),
(21, 'Khandker Md Nahid Rahman', 'm.nahid@curetechbd.com', '122122', 1),
(22, 'Masum Billah (Nasir)', 'm.nasir@curetechbd.com', '122122', 1),
(23, 'Ajmal Amir Ashik', 'a.ashik@curetechbd.com', '122122', 2),
(1, 'JM Sir', 'jam1364@hotmail.com', '122122', 1),
(26, 'Sakeeb Khan', 's.sakeeb@curetechbd.com', '122122', 2),
(27, 'Ms. Monsura Mayeen Tasnyeem', 'm.tasnyeem@curetechbd.com', '122122', 2),
(28, 'Ms. Rumana Akteer', 'm.rumana@curetechbd.com', '122122', 2),
(29, 'Ms. Uzma Surwat', 'u.surwat@curetechbd.com', '122122', 2),
(30, 'Arnab Kumar Das', 'a.kumar@curetechbd.com', '122122', 2),
(31, 'Khaled Mohammed Shah', 'k.mohammed@curetechbd.com', '122122', 2);

-- --------------------------------------------------------

--
-- Table structure for table `worksheets`
--

CREATE TABLE `worksheets` (
  `id` int(11) NOT NULL,
  `task_id` int(11) NOT NULL,
  `user_id` int(11) NOT NULL,
  `time` int(11) DEFAULT NULL,
  `date` date DEFAULT NULL
) ENGINE=MyISAM DEFAULT CHARSET=latin1;

--
-- Dumping data for table `worksheets`
--

INSERT INTO `worksheets` (`id`, `task_id`, `user_id`, `time`, `date`) VALUES
(16, 13, 2, 5, '2021-11-30'),
(15, 12, 2, 11, '2021-11-30'),
(14, 13, 1, 15, '2021-11-30'),
(13, 13, 1, 10, '2021-11-30'),
(21, 14, 4, 80, '2021-11-30'),
(20, 14, 4, 145, '2021-11-30'),
(22, 15, 4, 155, '2021-11-30'),
(23, 14, 4, 80, '2021-12-01'),
(24, 16, 4, 72, '2021-12-01'),
(40, 45, 8, 150, '2021-12-02'),
(26, 15, 4, 60, '2021-12-01'),
(36, 44, 8, 120, '2021-12-02'),
(37, 34, 7, 75, '2021-12-02'),
(38, 53, 7, 25, '2021-12-02'),
(39, 32, 4, 120, '2021-12-02'),
(85, 78, 10, 80, '2021-12-02'),
(35, 43, 8, 150, '2021-12-02'),
(33, 30, 5, 20, '2021-12-01'),
(34, 30, 5, 75, '2021-12-01'),
(41, 47, 8, 30, '2021-12-02'),
(44, 36, 7, 60, '2021-12-02'),
(46, 72, 12, 60, '2021-12-02'),
(45, 38, 7, 30, '2021-12-02'),
(47, 77, 12, 30, '2021-12-02'),
(48, 83, 12, 90, '2021-12-02'),
(49, 93, 10, 30, '2021-12-02'),
(50, 133, 11, 60, '2021-12-02'),
(75, 150, 11, 90, '2021-12-02'),
(52, 152, 11, 60, '2021-12-02'),
(53, 153, 11, 80, '2021-12-02'),
(107, 28, 15, 120, '2021-12-04'),
(55, 161, 11, 90, '2021-12-02'),
(56, 163, 11, 90, '2021-12-02'),
(102, 55, 15, 40, '2021-12-03'),
(58, 33, 4, 90, '2021-12-02'),
(61, 86, 10, 60, '2021-12-02'),
(60, 165, 11, 30, '2021-12-02'),
(62, 50, 4, 90, '2021-12-02'),
(63, 51, 4, 240, '2021-12-02'),
(64, 167, 11, 90, '2021-12-02'),
(99, 201, 15, 60, '2021-12-02'),
(106, 210, 6, 65, '2021-12-04'),
(101, 28, 15, 120, '2021-12-03'),
(103, 208, 15, 20, '2021-12-03'),
(98, 166, 11, 30, '2021-12-02'),
(100, 165, 11, 30, '2021-12-03'),
(104, 34, 7, 110, '2021-12-04'),
(105, 209, 7, 60, '2021-12-04'),
(76, 87, 10, 70, '2021-12-02'),
(77, 89, 10, 60, '2021-12-02'),
(78, 85, 10, 60, '2021-12-02'),
(79, 82, 10, 60, '2021-12-02'),
(80, 91, 10, 60, '2021-12-02'),
(97, 194, 15, 20, '2021-12-02'),
(108, 43, 8, 120, '2021-12-04'),
(86, 189, 9, 330, '2021-12-02'),
(87, 28, 15, 90, '2021-12-02'),
(88, 131, 9, 45, '2021-12-02'),
(89, 134, 9, 60, '2021-12-02'),
(90, 136, 9, 50, '2021-12-02'),
(91, 190, 15, 240, '2021-12-02'),
(92, 55, 15, 40, '2021-12-02'),
(93, 191, 15, 90, '2021-12-02'),
(109, 55, 15, 40, '2021-12-04'),
(110, 44, 8, 90, '2021-12-04'),
(96, 193, 15, 45, '2021-12-02'),
(111, 211, 8, 60, '2021-12-04'),
(112, 36, 7, 60, '2021-12-04'),
(113, 37, 7, 30, '2021-12-04'),
(114, 212, 15, 60, '2021-12-04'),
(115, 208, 15, 20, '2021-12-04'),
(116, 213, 15, 60, '2021-12-04'),
(117, 17, 18, 180, '2021-12-04'),
(118, 34, 7, 95, '2021-12-05'),
(131, 231, 21, 122, '2021-12-05'),
(120, 20, 19, 125, '2021-12-05'),
(132, 233, 21, 140, '2021-12-05'),
(128, 57, 3, 270, '2021-12-05'),
(126, 59, 13, 60, '2021-12-05'),
(129, 227, 13, 240, '2021-12-05'),
(133, 229, 5, 95, '2021-12-05'),
(135, 230, 5, 120, '2021-12-05'),
(136, 232, 5, 60, '2021-12-05'),
(137, 246, 5, 65, '2021-12-05'),
(138, 247, 5, 65, '2021-12-05'),
(139, 248, 19, 65, '2021-12-05'),
(140, 18, 19, 120, '2021-12-05'),
(141, 207, 18, 180, '2021-12-05'),
(142, 151, 18, 30, '2021-12-05'),
(143, 149, 18, 120, '2021-12-05'),
(144, 250, 20, 150, '2021-12-05'),
(145, 253, 18, 30, '2021-12-05'),
(146, 252, 20, 90, '2021-12-05'),
(147, 251, 20, 90, '2021-12-05'),
(148, 256, 19, 120, '2021-12-05'),
(149, 259, 19, 20, '2021-12-05'),
(150, 254, 20, 60, '2021-12-05'),
(151, 261, 20, 65, '2021-12-05'),
(152, 264, 22, 65, '2021-12-05'),
(153, 265, 21, 65, '2021-12-05'),
(154, 262, 20, 30, '2021-12-05'),
(155, 78, 10, 100, '2021-12-05'),
(156, 268, 20, 20, '2021-12-05'),
(157, 228, 5, 70, '2021-12-05'),
(158, 232, 5, 105, '2021-12-05'),
(159, 230, 5, 55, '2021-12-05'),
(160, 235, 21, 30, '2021-12-05'),
(161, 260, 19, 20, '2021-12-05'),
(162, 234, 21, 30, '2021-12-05'),
(163, 236, 21, 90, '2021-12-05'),
(164, 238, 21, 65, '2021-12-05'),
(165, 43, 8, 120, '2021-12-05'),
(166, 245, 21, 30, '2021-12-05'),
(167, 44, 8, 90, '2021-12-05'),
(168, 244, 21, 30, '2021-12-05'),
(169, 45, 8, 150, '2021-12-05'),
(170, 243, 21, 30, '2021-12-05'),
(171, 47, 8, 60, '2021-12-05'),
(172, 242, 21, 20, '2021-12-05'),
(173, 241, 21, 30, '2021-12-05'),
(174, 240, 21, 30, '2021-12-05'),
(175, 28, 15, 120, '2021-12-05'),
(176, 25, 22, 180, '2021-12-05'),
(177, 80, 10, 60, '2021-12-05'),
(178, 55, 15, 40, '2021-12-05'),
(179, 208, 15, 20, '2021-12-05'),
(180, 213, 15, 90, '2021-12-05'),
(181, 223, 15, 10, '2021-12-05'),
(182, 36, 7, 60, '2021-12-05'),
(183, 221, 15, 30, '2021-12-05'),
(184, 37, 7, 30, '2021-12-05'),
(185, 220, 15, 30, '2021-12-05'),
(186, 219, 15, 35, '2021-12-05'),
(187, 217, 15, 20, '2021-12-05'),
(188, 82, 10, 80, '2021-12-05'),
(189, 266, 22, 80, '2021-12-05'),
(190, 267, 22, 60, '2021-12-05'),
(191, 224, 15, 20, '2021-12-05'),
(192, 216, 15, 30, '2021-12-05'),
(193, 215, 15, 10, '2021-12-05'),
(194, 214, 15, 35, '2021-12-05'),
(195, 269, 19, 60, '2021-12-05'),
(196, 270, 22, 105, '2021-12-05'),
(197, 84, 10, 60, '2021-12-05'),
(198, 182, 9, 55, '2021-12-05'),
(199, 183, 9, 15, '2021-12-05'),
(200, 131, 9, 60, '2021-12-05'),
(201, 136, 9, 80, '2021-12-05'),
(202, 134, 9, 90, '2021-12-05'),
(203, 179, 9, 80, '2021-12-05'),
(204, 26, 9, 90, '2021-12-05'),
(205, 129, 9, 90, '2021-12-05'),
(206, 185, 9, 40, '2021-12-05'),
(207, 85, 10, 60, '2021-12-05'),
(208, 258, 22, 90, '2021-12-05'),
(209, 257, 22, 60, '2021-12-05'),
(210, 86, 10, 70, '2021-12-05'),
(211, 33, 4, 60, '2021-12-05'),
(212, 32, 4, 60, '2021-12-05'),
(213, 51, 4, 120, '2021-12-05'),
(214, 88, 10, 60, '2021-12-05'),
(215, 274, 18, 180, '2021-12-05'),
(216, 275, 18, 45, '2021-12-05'),
(217, 276, 18, 45, '2021-12-05'),
(218, 49, 4, 360, '2021-12-05'),
(219, 133, 11, 60, '2021-12-05'),
(220, 150, 11, 80, '2021-12-05'),
(221, 152, 11, 60, '2021-12-05'),
(222, 165, 11, 30, '2021-12-05'),
(223, 166, 11, 40, '2021-12-05'),
(224, 277, 9, 180, '2021-12-05'),
(225, 158, 11, 80, '2021-12-05'),
(227, 240, 21, 65, '2021-12-06'),
(228, 273, 21, 90, '2021-12-06'),
(229, 185, 9, 60, '2021-12-06'),
(230, 34, 7, 110, '2021-12-06'),
(231, 209, 7, 35, '2021-12-06'),
(232, 133, 11, 60, '2021-12-06'),
(233, 152, 11, 60, '2021-12-06'),
(234, 43, 8, 120, '2021-12-06'),
(235, 165, 11, 30, '2021-12-06'),
(236, 44, 8, 120, '2021-12-06'),
(237, 167, 11, 90, '2021-12-06'),
(238, 45, 8, 90, '2021-12-06'),
(239, 46, 8, 30, '2021-12-06'),
(240, 47, 8, 60, '2021-12-06'),
(241, 172, 11, 25, '2021-12-06'),
(242, 36, 7, 60, '2021-12-06'),
(243, 37, 7, 30, '2021-12-06'),
(244, 86, 10, 60, '2021-12-06'),
(245, 87, 10, 80, '2021-12-06'),
(246, 237, 14, 10, '2021-12-06'),
(247, 182, 9, 40, '2021-12-06'),
(248, 183, 9, 30, '2021-12-06'),
(249, 125, 9, 60, '2021-12-06'),
(250, 82, 10, 60, '2021-12-06'),
(251, 129, 9, 100, '2021-12-06'),
(252, 139, 9, 50, '2021-12-06'),
(253, 181, 9, 50, '2021-12-06'),
(254, 290, 9, 130, '2021-12-06'),
(255, 89, 10, 60, '2021-12-06'),
(256, 20, 19, 60, '2021-12-06'),
(257, 259, 19, 20, '2021-12-06'),
(258, 260, 19, 20, '2021-12-06'),
(259, 250, 20, 120, '2021-12-06'),
(260, 269, 19, 60, '2021-12-06'),
(261, 291, 18, 150, '2021-12-06'),
(262, 251, 20, 45, '2021-12-06'),
(263, 294, 19, 150, '2021-12-06'),
(264, 295, 18, 90, '2021-12-06'),
(265, 296, 18, 150, '2021-12-06'),
(266, 297, 20, 150, '2021-12-06'),
(267, 151, 18, 20, '2021-12-06'),
(268, 276, 18, 45, '2021-12-06'),
(269, 252, 20, 30, '2021-12-06'),
(270, 254, 20, 120, '2021-12-06'),
(271, 262, 20, 45, '2021-12-06'),
(272, 268, 20, 20, '2021-12-06'),
(273, 32, 4, 150, '2021-12-06'),
(274, 52, 4, 120, '2021-12-06'),
(275, 49, 4, 210, '2021-12-06'),
(276, 85, 10, 60, '2021-12-06'),
(277, 50, 4, 120, '2021-12-06'),
(278, 301, 5, 150, '2021-12-06'),
(279, 280, 29, 100, '2021-12-06'),
(280, 229, 5, 85, '2021-12-06'),
(281, 302, 21, 90, '2021-12-06'),
(282, 303, 5, 90, '2021-12-06'),
(283, 147, 21, 80, '2021-12-06'),
(284, 304, 22, 150, '2021-12-06'),
(285, 228, 5, 70, '2021-12-06'),
(286, 230, 5, 60, '2021-12-06'),
(287, 232, 5, 45, '2021-12-06'),
(289, 300, 22, 90, '2021-12-06'),
(290, 305, 21, 150, '2021-12-06'),
(293, 25, 22, 210, '2021-12-06'),
(292, 306, 21, 80, '2021-12-06'),
(294, 281, 29, 95, '2021-12-06'),
(295, 266, 22, 40, '2021-12-06'),
(297, 311, 21, 65, '2021-12-06'),
(298, 312, 21, 65, '2021-12-06'),
(299, 312, 21, 65, '2021-12-06'),
(300, 238, 21, 80, '2021-12-06'),
(301, 91, 10, 60, '2021-12-06'),
(302, 278, 21, 65, '2021-12-06'),
(303, 279, 21, 40, '2021-12-06'),
(304, 244, 21, 35, '2021-12-06'),
(305, 272, 15, 20, '2021-12-06'),
(306, 314, 15, 120, '2021-12-06'),
(307, 28, 15, 90, '2021-12-06'),
(308, 55, 15, 40, '2021-12-06'),
(410, 313, 27, 180, '2021-12-07'),
(310, 90, 10, 30, '2021-12-06'),
(311, 208, 15, 20, '2021-12-06'),
(312, 213, 15, 90, '2021-12-06'),
(313, 214, 15, 35, '2021-12-06'),
(314, 215, 15, 10, '2021-12-06'),
(315, 216, 15, 30, '2021-12-06'),
(316, 217, 15, 20, '2021-12-06'),
(317, 219, 15, 40, '2021-12-06'),
(318, 220, 15, 30, '2021-12-06'),
(319, 221, 15, 30, '2021-12-06'),
(320, 224, 15, 20, '2021-12-06'),
(321, 173, 11, 60, '2021-12-06'),
(322, 166, 11, 30, '2021-12-06'),
(323, 282, 29, 20, '2021-12-07'),
(324, 34, 7, 95, '2021-12-07'),
(325, 131, 9, 60, '2021-12-07'),
(326, 311, 21, 65, '2021-12-07'),
(327, 242, 21, 30, '2021-12-07'),
(328, 234, 21, 30, '2021-12-07'),
(329, 321, 21, 120, '2021-12-07'),
(330, 136, 9, 60, '2021-12-07'),
(345, 324, 16, 180, '2021-12-07'),
(332, 310, 28, 258, '2021-12-07'),
(333, 182, 9, 50, '2021-12-07'),
(334, 284, 29, 38, '2021-12-07'),
(335, 26, 9, 70, '2021-12-07'),
(336, 321, 21, 65, '2021-12-07'),
(337, 305, 21, 150, '2021-12-07'),
(338, 278, 21, 80, '2021-12-07'),
(339, 294, 19, 90, '2021-12-07'),
(340, 297, 20, 60, '2021-12-07'),
(341, 259, 19, 20, '2021-12-07'),
(342, 260, 19, 20, '2021-12-07'),
(343, 197, 4, 180, '2021-12-07'),
(344, 322, 26, 90, '2021-12-07'),
(346, 301, 5, 90, '2021-12-07'),
(356, 228, 5, 105, '2021-12-07'),
(349, 229, 5, 130, '2021-12-07'),
(353, 230, 5, 115, '2021-12-07'),
(351, 207, 18, 270, '2021-12-07'),
(352, 319, 16, 180, '2021-12-07'),
(354, 296, 18, 90, '2021-12-07'),
(357, 232, 5, 115, '2021-12-07'),
(358, 303, 5, 30, '2021-12-07'),
(359, 300, 22, 30, '2021-12-07'),
(360, 250, 20, 120, '2021-12-07'),
(361, 251, 20, 50, '2021-12-07'),
(362, 270, 22, 120, '2021-12-07'),
(363, 252, 20, 60, '2021-12-07'),
(364, 25, 22, 180, '2021-12-07'),
(365, 257, 22, 90, '2021-12-07'),
(366, 254, 20, 60, '2021-12-07'),
(367, 262, 20, 15, '2021-12-07'),
(368, 325, 19, 30, '2021-12-07'),
(369, 268, 20, 15, '2021-12-07'),
(370, 258, 22, 40, '2021-12-07'),
(371, 326, 20, 30, '2021-12-07'),
(372, 327, 21, 30, '2021-12-07'),
(373, 241, 21, 30, '2021-12-07'),
(374, 43, 8, 120, '2021-12-07'),
(375, 44, 8, 150, '2021-12-07'),
(376, 328, 21, 45, '2021-12-07'),
(377, 45, 8, 150, '2021-12-07'),
(378, 47, 8, 30, '2021-12-07'),
(379, 36, 7, 60, '2021-12-07'),
(380, 37, 7, 30, '2021-12-07'),
(444, 258, 22, 40, '2021-12-08'),
(382, 276, 18, 60, '2021-12-07'),
(383, 295, 18, 30, '2021-12-07'),
(384, 299, 22, 120, '2021-12-07'),
(385, 291, 18, 120, '2021-12-07'),
(386, 32, 4, 150, '2021-12-07'),
(387, 50, 4, 150, '2021-12-07'),
(389, 267, 22, 30, '2021-12-07'),
(390, 204, 21, 180, '2021-12-07'),
(391, 28, 15, 90, '2021-12-07'),
(392, 55, 15, 40, '2021-12-07'),
(393, 208, 15, 20, '2021-12-07'),
(394, 213, 15, 90, '2021-12-07'),
(395, 221, 15, 30, '2021-12-07'),
(396, 224, 15, 20, '2021-12-07'),
(397, 333, 11, 120, '2021-12-07'),
(398, 133, 11, 60, '2021-12-07'),
(399, 178, 9, 50, '2021-12-07'),
(400, 152, 11, 60, '2021-12-07'),
(401, 165, 11, 30, '2021-12-07'),
(402, 336, 15, 30, '2021-12-07'),
(403, 282, 29, 95, '2021-12-07'),
(404, 284, 29, 95, '2021-12-07'),
(409, 318, 27, 120, '2021-12-07'),
(406, 315, 27, 120, '2021-12-07'),
(408, 337, 27, 60, '2021-12-07'),
(411, 207, 18, 150, '2021-12-08'),
(412, 34, 7, 105, '2021-12-08'),
(413, 133, 11, 60, '2021-12-08'),
(414, 152, 11, 60, '2021-12-08'),
(415, 165, 11, 30, '2021-12-08'),
(416, 166, 11, 50, '2021-12-08'),
(417, 172, 11, 50, '2021-12-08'),
(418, 43, 8, 120, '2021-12-08'),
(419, 44, 8, 150, '2021-12-08'),
(420, 45, 8, 90, '2021-12-08'),
(421, 46, 8, 30, '2021-12-08'),
(422, 47, 8, 30, '2021-12-08'),
(423, 36, 7, 60, '2021-12-08'),
(424, 37, 7, 30, '2021-12-08'),
(425, 320, 28, 90, '2021-12-08'),
(426, 78, 10, 60, '2021-12-08'),
(427, 84, 10, 70, '2021-12-08'),
(428, 282, 29, 132, '2021-12-08'),
(429, 260, 19, 20, '2021-12-08'),
(430, 284, 29, 106, '2021-12-08'),
(431, 250, 20, 120, '2021-12-08'),
(432, 251, 20, 60, '2021-12-08'),
(435, 254, 20, 60, '2021-12-08'),
(434, 337, 27, 90, '2021-12-08'),
(436, 32, 4, 120, '2021-12-08'),
(437, 88, 10, 60, '2021-12-08'),
(438, 338, 4, 360, '2021-12-08'),
(439, 82, 10, 60, '2021-12-08'),
(440, 262, 20, 30, '2021-12-08'),
(441, 268, 20, 15, '2021-12-08'),
(442, 329, 22, 120, '2021-12-08'),
(443, 257, 22, 120, '2021-12-08'),
(445, 267, 22, 60, '2021-12-08'),
(446, 299, 22, 60, '2021-12-08'),
(447, 301, 5, 150, '2021-12-08'),
(448, 297, 20, 45, '2021-12-08'),
(449, 294, 19, 45, '2021-12-08'),
(450, 228, 5, 90, '2021-12-08'),
(451, 229, 5, 105, '2021-12-08'),
(452, 230, 5, 60, '2021-12-08'),
(453, 232, 5, 55, '2021-12-08'),
(454, 303, 5, 150, '2021-12-08'),
(455, 266, 22, 30, '2021-12-08'),
(456, 296, 18, 45, '2021-12-08'),
(457, 207, 18, 210, '2021-12-08'),
(458, 350, 18, 15, '2021-12-08'),
(459, 276, 18, 45, '2021-12-08'),
(460, 295, 18, 30, '2021-12-08'),
(461, 253, 18, 15, '2021-12-08'),
(462, 291, 18, 140, '2021-12-08'),
(463, 26, 9, 60, '2021-12-08'),
(464, 181, 9, 60, '2021-12-08'),
(465, 182, 9, 50, '2021-12-08'),
(466, 183, 9, 20, '2021-12-08'),
(467, 346, 9, 310, '2021-12-08'),
(474, 93, 10, 30, '2021-12-08'),
(469, 322, 26, 150, '2021-12-08'),
(471, 351, 26, 120, '2021-12-08'),
(472, 318, 27, 120, '2021-12-08'),
(473, 80, 10, 60, '2021-12-08'),
(475, 352, 21, 245, '2021-12-08'),
(476, 349, 27, 90, '2021-12-08'),
(477, 310, 28, 120, '2021-12-08'),
(478, 28, 15, 90, '2021-12-08'),
(479, 55, 15, 40, '2021-12-08'),
(480, 208, 15, 20, '2021-12-08'),
(481, 213, 15, 90, '2021-12-08'),
(482, 214, 15, 35, '2021-12-08'),
(483, 215, 15, 10, '2021-12-08'),
(486, 217, 15, 20, '2021-12-08'),
(485, 216, 15, 30, '2021-12-08'),
(487, 219, 15, 40, '2021-12-08'),
(488, 220, 15, 30, '2021-12-08'),
(489, 221, 15, 30, '2021-12-08'),
(490, 224, 15, 20, '2021-12-08'),
(491, 353, 15, 40, '2021-12-08'),
(492, 313, 27, 150, '2021-12-08'),
(493, 315, 27, 60, '2021-12-08'),
(494, 90, 10, 30, '2021-12-08'),
(495, 354, 27, 20, '2021-12-08'),
(496, 92, 10, 60, '2021-12-08'),
(557, 343, 29, 170, '2021-12-09'),
(498, 301, 5, 60, '2021-12-09'),
(499, 228, 5, 60, '2021-12-09'),
(500, 229, 5, 70, '2021-12-09'),
(501, 232, 5, 80, '2021-12-09'),
(502, 131, 9, 60, '2021-12-09'),
(503, 136, 9, 90, '2021-12-09'),
(504, 39, 7, 70, '2021-12-09'),
(554, 280, 29, 80, '2021-12-09'),
(555, 281, 29, 90, '2021-12-09'),
(556, 366, 29, 150, '2021-12-09'),
(508, 367, 19, 135, '2021-12-09'),
(509, 197, 4, 150, '2021-12-09'),
(510, 50, 4, 60, '2021-12-09'),
(511, 32, 4, 120, '2021-12-09'),
(512, 320, 28, 60, '2021-12-09'),
(513, 124, 20, 20, '2021-12-09'),
(514, 15, 4, 180, '2021-12-09'),
(515, 368, 20, 120, '2021-12-09'),
(516, 250, 20, 120, '2021-12-09'),
(517, 251, 20, 90, '2021-12-09'),
(518, 252, 20, 45, '2021-12-09'),
(519, 254, 20, 90, '2021-12-09'),
(520, 262, 20, 20, '2021-12-09'),
(521, 268, 20, 20, '2021-12-09'),
(522, 78, 10, 60, '2021-12-09'),
(523, 93, 10, 30, '2021-12-09'),
(524, 43, 8, 120, '2021-12-09'),
(525, 44, 8, 150, '2021-12-09'),
(526, 45, 8, 150, '2021-12-09'),
(527, 36, 7, 60, '2021-12-09'),
(528, 37, 7, 30, '2021-12-09'),
(529, 38, 7, 30, '2021-12-09'),
(530, 340, 28, 30, '2021-12-09'),
(531, 352, 21, 210, '2021-12-09'),
(532, 329, 22, 75, '2021-12-09'),
(533, 267, 22, 120, '2021-12-09'),
(534, 257, 22, 90, '2021-12-09'),
(535, 358, 28, 20, '2021-12-09'),
(543, 89, 10, 60, '2021-12-09'),
(537, 86, 10, 60, '2021-12-09'),
(538, 369, 20, 30, '2021-12-09'),
(539, 258, 22, 90, '2021-12-09'),
(540, 370, 26, 120, '2021-12-09'),
(541, 371, 19, 60, '2021-12-09'),
(542, 87, 10, 60, '2021-12-09'),
(544, 207, 18, 75, '2021-12-09'),
(545, 276, 18, 45, '2021-12-09'),
(546, 350, 18, 15, '2021-12-09'),
(547, 291, 18, 150, '2021-12-09'),
(548, 253, 18, 15, '2021-12-09'),
(549, 259, 19, 20, '2021-12-09'),
(550, 260, 19, 20, '2021-12-09'),
(551, 269, 19, 60, '2021-12-09'),
(552, 85, 10, 60, '2021-12-09'),
(553, 346, 9, 370, '2021-12-09'),
(558, 91, 10, 60, '2021-12-09'),
(559, 305, 21, 90, '2021-12-09'),
(560, 305, 21, 90, '2021-12-09'),
(561, 28, 15, 90, '2021-12-09'),
(562, 55, 15, 40, '2021-12-09'),
(563, 208, 15, 20, '2021-12-09'),
(564, 213, 15, 90, '2021-12-09'),
(565, 214, 15, 35, '2021-12-09'),
(567, 215, 15, 10, '2021-12-09'),
(568, 216, 15, 30, '2021-12-09'),
(569, 217, 15, 20, '2021-12-09'),
(570, 219, 15, 40, '2021-12-09'),
(571, 220, 15, 30, '2021-12-09'),
(572, 221, 15, 30, '2021-12-09'),
(573, 224, 15, 20, '2021-12-09'),
(574, 82, 10, 60, '2021-12-09'),
(575, 92, 10, 60, '2021-12-09'),
(576, 349, 27, 240, '2021-12-09'),
(577, 313, 27, 50, '2021-12-09'),
(578, 315, 27, 50, '2021-12-09'),
(579, 318, 27, 50, '2021-12-09'),
(580, 337, 27, 90, '2021-12-09'),
(581, 28, 15, 90, '2021-12-10'),
(582, 55, 15, 40, '2021-12-10'),
(583, 208, 15, 20, '2021-12-10'),
(584, 213, 15, 60, '2021-12-10'),
(585, 215, 15, 10, '2021-12-10'),
(586, 218, 15, 40, '2021-12-10'),
(587, 219, 15, 20, '2021-12-10'),
(588, 222, 15, 20, '2021-12-10'),
(589, 43, 8, 60, '2021-12-10'),
(590, 44, 8, 90, '2021-12-10'),
(591, 45, 8, 30, '2021-12-10'),
(592, 36, 7, 60, '2021-12-10'),
(593, 37, 7, 30, '2021-12-10'),
(594, 78, 10, 60, '2021-12-10'),
(595, 34, 7, 70, '2021-12-11'),
(596, 356, 28, 20, '2021-12-11'),
(597, 87, 10, 60, '2021-12-11'),
(598, 90, 10, 30, '2021-12-11'),
(599, 44, 8, 90, '2021-12-11'),
(600, 43, 8, 90, '2021-12-11'),
(601, 36, 7, 60, '2021-12-11'),
(602, 37, 7, 30, '2021-12-11'),
(603, 82, 10, 60, '2021-12-11'),
(604, 93, 10, 30, '2021-12-11'),
(605, 219, 15, 30, '2021-12-11'),
(606, 215, 15, 20, '2021-12-11'),
(607, 213, 15, 30, '2021-12-11'),
(608, 208, 15, 30, '2021-12-11'),
(609, 55, 15, 40, '2021-12-11'),
(610, 28, 15, 90, '2021-12-11'),
(611, 133, 11, 60, '2021-12-11'),
(612, 152, 11, 60, '2021-12-11'),
(613, 165, 11, 30, '2021-12-11'),
(614, 172, 11, 50, '2021-12-11'),
(615, 167, 11, 60, '2021-12-11'),
(616, 147, 21, 30, '2021-12-12'),
(617, 241, 21, 40, '2021-12-12'),
(618, 278, 21, 80, '2021-12-12'),
(619, 328, 21, 40, '2021-12-12'),
(620, 311, 21, 40, '2021-12-12'),
(621, 375, 21, 40, '2021-12-12'),
(622, 376, 9, 30, '2021-12-12'),
(623, 378, 11, 50, '2021-12-12'),
(624, 165, 11, 30, '2021-12-12'),
(625, 43, 8, 150, '2021-12-12'),
(626, 44, 8, 150, '2021-12-12'),
(627, 45, 8, 90, '2021-12-12'),
(628, 46, 8, 30, '2021-12-12'),
(629, 47, 8, 30, '2021-12-12'),
(630, 36, 7, 60, '2021-12-12'),
(631, 37, 7, 30, '2021-12-12'),
(632, 78, 10, 40, '2021-12-12'),
(633, 82, 10, 60, '2021-12-12'),
(634, 297, 20, 45, '2021-12-12'),
(635, 250, 20, 150, '2021-12-12'),
(636, 251, 20, 100, '2021-12-12'),
(637, 252, 20, 80, '2021-12-12'),
(638, 262, 20, 30, '2021-12-12'),
(640, 268, 20, 15, '2021-12-12'),
(641, 254, 20, 90, '2021-12-12'),
(642, 379, 19, 45, '2021-12-12'),
(643, 259, 19, 20, '2021-12-12'),
(644, 260, 19, 20, '2021-12-12'),
(645, 269, 19, 60, '2021-12-12'),
(646, 34, 7, 70, '2021-12-12'),
(647, 209, 7, 50, '2021-12-12'),
(648, 50, 4, 480, '2021-12-12'),
(649, 380, 22, 510, '2021-12-12'),
(650, 301, 5, 105, '2021-12-12'),
(651, 228, 5, 120, '2021-12-12'),
(652, 229, 5, 60, '2021-12-12'),
(653, 230, 5, 115, '2021-12-12'),
(654, 232, 5, 240, '2021-12-12'),
(655, 303, 5, 60, '2021-12-12'),
(656, 339, 28, 20, '2021-12-12'),
(657, 207, 18, 210, '2021-12-12'),
(658, 280, 29, 50, '2021-12-12'),
(659, 281, 29, 60, '2021-12-12'),
(660, 253, 18, 10, '2021-12-12'),
(661, 284, 29, 60, '2021-12-12'),
(693, 343, 29, 90, '2021-12-12'),
(673, 359, 28, 20, '2021-12-12'),
(664, 352, 21, 125, '2021-12-12'),
(665, 366, 29, 120, '2021-12-12'),
(666, 295, 18, 15, '2021-12-12'),
(667, 350, 18, 20, '2021-12-12'),
(668, 276, 18, 60, '2021-12-12'),
(669, 340, 28, 20, '2021-12-12'),
(670, 356, 28, 10, '2021-12-12'),
(671, 357, 28, 20, '2021-12-12'),
(672, 358, 28, 20, '2021-12-12'),
(674, 291, 18, 150, '2021-12-12'),
(675, 360, 28, 20, '2021-12-12'),
(676, 361, 28, 10, '2021-12-12'),
(677, 362, 28, 20, '2021-12-12'),
(678, 363, 28, 10, '2021-12-12'),
(679, 364, 28, 30, '2021-12-12'),
(680, 365, 28, 20, '2021-12-12'),
(681, 80, 10, 30, '2021-12-12'),
(682, 153, 11, 80, '2021-12-12'),
(683, 377, 9, 165, '2021-12-12'),
(684, 131, 9, 60, '2021-12-12'),
(685, 182, 9, 60, '2021-12-12'),
(686, 183, 9, 30, '2021-12-12'),
(687, 136, 9, 60, '2021-12-12'),
(688, 134, 9, 90, '2021-12-12'),
(689, 26, 9, 70, '2021-12-12'),
(690, 185, 9, 60, '2021-12-12'),
(691, 85, 10, 30, '2021-12-12'),
(692, 86, 10, 30, '2021-12-12'),
(694, 87, 10, 30, '2021-12-12'),
(695, 320, 28, 30, '2021-12-12'),
(696, 88, 10, 40, '2021-12-12'),
(697, 28, 15, 90, '2021-12-12'),
(698, 55, 15, 40, '2021-12-12'),
(699, 208, 15, 20, '2021-12-12'),
(700, 213, 15, 90, '2021-12-12'),
(701, 214, 15, 35, '2021-12-12'),
(702, 215, 15, 20, '2021-12-12'),
(704, 216, 15, 30, '2021-12-12'),
(705, 217, 15, 20, '2021-12-12'),
(706, 93, 10, 30, '2021-12-12'),
(707, 219, 15, 35, '2021-12-12'),
(708, 220, 15, 30, '2021-12-12'),
(709, 221, 15, 30, '2021-12-12'),
(710, 89, 10, 30, '2021-12-12'),
(711, 223, 15, 10, '2021-12-12'),
(712, 133, 11, 60, '2021-12-12'),
(713, 152, 11, 60, '2021-12-12'),
(714, 158, 11, 80, '2021-12-12'),
(715, 166, 11, 50, '2021-12-12'),
(716, 224, 15, 20, '2021-12-12'),
(717, 84, 10, 30, '2021-12-12'),
(718, 91, 10, 30, '2021-12-12'),
(719, 150, 11, 80, '2021-12-12'),
(720, 315, 27, 60, '2021-12-12'),
(721, 318, 27, 90, '2021-12-12'),
(722, 349, 27, 120, '2021-12-12'),
(723, 354, 27, 60, '2021-12-12'),
(724, 282, 29, 90, '2021-12-13'),
(725, 283, 29, 90, '2021-12-13'),
(726, 284, 29, 90, '2021-12-13'),
(727, 343, 29, 90, '2021-12-13'),
(728, 344, 29, 70, '2021-12-13'),
(966, 183, 9, 30, '2021-12-15'),
(730, 382, 19, 120, '2021-12-13'),
(731, 338, 4, 90, '2021-12-13'),
(732, 51, 4, 90, '2021-12-13'),
(733, 87, 10, 30, '2021-12-13'),
(734, 301, 5, 55, '2021-12-13'),
(735, 228, 5, 90, '2021-12-13'),
(736, 229, 5, 60, '2021-12-13'),
(737, 230, 5, 105, '2021-12-13'),
(738, 232, 5, 80, '2021-12-13'),
(739, 133, 11, 60, '2021-12-13'),
(740, 152, 11, 60, '2021-12-13'),
(741, 165, 11, 30, '2021-12-13'),
(742, 171, 11, 60, '2021-12-13'),
(743, 173, 11, 50, '2021-12-13'),
(744, 117, 20, 60, '2021-12-13'),
(745, 124, 20, 90, '2021-12-13'),
(746, 120, 20, 15, '2021-12-13'),
(747, 123, 20, 20, '2021-12-13'),
(748, 250, 20, 165, '2021-12-13'),
(749, 251, 20, 120, '2021-12-13'),
(750, 252, 20, 30, '2021-12-13'),
(751, 262, 20, 30, '2021-12-13'),
(752, 268, 20, 10, '2021-12-13'),
(753, 369, 20, 15, '2021-12-13'),
(754, 254, 20, 60, '2021-12-13'),
(755, 88, 10, 30, '2021-12-13'),
(785, 82, 10, 90, '2021-12-13'),
(757, 43, 8, 150, '2021-12-13'),
(758, 44, 8, 150, '2021-12-13'),
(759, 45, 8, 90, '2021-12-13'),
(760, 46, 8, 30, '2021-12-13'),
(761, 47, 8, 30, '2021-12-13'),
(762, 36, 7, 60, '2021-12-13'),
(763, 37, 7, 30, '2021-12-13'),
(764, 161, 11, 60, '2021-12-13'),
(765, 34, 7, 110, '2021-12-13'),
(766, 207, 18, 225, '2021-12-13'),
(767, 276, 18, 45, '2021-12-13'),
(768, 291, 18, 120, '2021-12-13'),
(769, 326, 20, 20, '2021-12-13'),
(770, 350, 18, 10, '2021-12-13'),
(771, 267, 22, 90, '2021-12-13'),
(786, 383, 21, 65, '2021-12-13'),
(773, 296, 18, 30, '2021-12-13'),
(774, 258, 22, 30, '2021-12-13'),
(775, 380, 22, 180, '2021-12-13'),
(776, 385, 18, 105, '2021-12-13'),
(777, 185, 9, 90, '2021-12-13'),
(778, 181, 9, 70, '2021-12-13'),
(779, 26, 9, 80, '2021-12-13'),
(780, 182, 9, 60, '2021-12-13'),
(781, 183, 9, 30, '2021-12-13'),
(782, 139, 9, 90, '2021-12-13'),
(783, 125, 9, 50, '2021-12-13'),
(784, 129, 9, 100, '2021-12-13'),
(787, 329, 22, 90, '2021-12-13'),
(788, 89, 10, 30, '2021-12-13'),
(789, 320, 28, 30, '2021-12-13'),
(790, 379, 19, 30, '2021-12-13'),
(791, 260, 19, 20, '2021-12-13'),
(792, 259, 19, 20, '2021-12-13'),
(793, 384, 21, 185, '2021-12-13'),
(794, 311, 21, 65, '2021-12-13'),
(795, 352, 21, 125, '2021-12-13'),
(796, 96, 10, 40, '2021-12-13'),
(797, 78, 10, 40, '2021-12-13'),
(798, 166, 11, 40, '2021-12-13'),
(799, 167, 11, 90, '2021-12-13'),
(800, 80, 10, 40, '2021-12-13'),
(801, 348, 28, 30, '2021-12-13'),
(802, 90, 10, 30, '2021-12-13'),
(803, 170, 11, 60, '2021-12-13'),
(804, 91, 10, 40, '2021-12-13'),
(805, 28, 15, 90, '2021-12-13'),
(806, 95, 10, 40, '2021-12-13'),
(809, 94, 10, 35, '2021-12-13'),
(986, 133, 11, 60, '2021-12-15'),
(810, 50, 4, 360, '2021-12-13'),
(812, 349, 27, 150, '2021-12-13'),
(813, 315, 27, 60, '2021-12-13'),
(814, 318, 27, 90, '2021-12-13'),
(815, 337, 27, 90, '2021-12-13'),
(816, 354, 27, 90, '2021-12-13'),
(817, 355, 27, 30, '2021-12-13'),
(818, 280, 29, 50, '2021-12-14'),
(819, 281, 29, 60, '2021-12-14'),
(820, 366, 29, 120, '2021-12-14'),
(821, 284, 29, 90, '2021-12-14'),
(822, 343, 29, 90, '2021-12-14'),
(823, 344, 29, 70, '2021-12-14'),
(967, 182, 9, 55, '2021-12-15'),
(825, 165, 11, 30, '2021-12-14'),
(826, 153, 11, 80, '2021-12-14'),
(827, 387, 14, 120, '2021-12-14'),
(828, 388, 14, 10, '2021-12-14'),
(829, 133, 11, 60, '2021-12-14'),
(830, 152, 11, 60, '2021-12-14'),
(831, 260, 19, 60, '2021-12-14'),
(834, 294, 19, 150, '2021-12-14'),
(835, 297, 20, 150, '2021-12-14'),
(836, 259, 19, 20, '2021-12-14'),
(837, 250, 20, 180, '2021-12-14'),
(838, 367, 19, 60, '2021-12-14'),
(839, 251, 20, 120, '2021-12-14'),
(840, 371, 19, 60, '2021-12-14'),
(841, 252, 20, 30, '2021-12-14'),
(842, 254, 20, 30, '2021-12-14'),
(843, 262, 20, 60, '2021-12-14'),
(844, 268, 20, 20, '2021-12-14'),
(845, 389, 20, 30, '2021-12-14'),
(846, 78, 10, 40, '2021-12-14'),
(847, 296, 18, 150, '2021-12-14'),
(848, 253, 18, 25, '2021-12-14'),
(849, 80, 10, 40, '2021-12-14'),
(850, 386, 22, 390, '2021-12-14'),
(851, 258, 22, 60, '2021-12-14'),
(852, 301, 5, 150, '2021-12-14'),
(853, 228, 5, 95, '2021-12-14'),
(854, 229, 5, 75, '2021-12-14'),
(855, 230, 5, 120, '2021-12-14'),
(856, 305, 21, 150, '2021-12-14'),
(857, 303, 5, 2700, '2021-12-14'),
(858, 380, 22, 60, '2021-12-14'),
(859, 375, 21, 30, '2021-12-14'),
(860, 43, 8, 150, '2021-12-14'),
(861, 44, 8, 150, '2021-12-14'),
(862, 45, 8, 90, '2021-12-14'),
(863, 46, 8, 30, '2021-12-14'),
(864, 47, 8, 30, '2021-12-14'),
(865, 36, 7, 60, '2021-12-14'),
(866, 37, 7, 30, '2021-12-14'),
(867, 328, 21, 150, '2021-12-14'),
(868, 158, 11, 80, '2021-12-14'),
(869, 166, 11, 40, '2021-12-14'),
(870, 28, 15, 90, '2021-12-14'),
(871, 34, 7, 75, '2021-12-14'),
(872, 32, 4, 120, '2021-12-14'),
(873, 183, 9, 30, '2021-12-14'),
(874, 131, 9, 60, '2021-12-14'),
(875, 377, 9, 55, '2021-12-14'),
(876, 182, 9, 70, '2021-12-14'),
(877, 134, 9, 60, '2021-12-14'),
(878, 136, 9, 75, '2021-12-14'),
(879, 180, 9, 75, '2021-12-14'),
(880, 26, 9, 60, '2021-12-14'),
(881, 178, 9, 35, '2021-12-14'),
(882, 185, 9, 90, '2021-12-14'),
(883, 339, 28, 20, '2021-12-14'),
(884, 320, 28, 20, '2021-12-14'),
(885, 339, 28, 20, '2021-12-14'),
(886, 340, 28, 20, '2021-12-14'),
(887, 356, 28, 10, '2021-12-14'),
(888, 357, 28, 30, '2021-12-14'),
(889, 358, 28, 20, '2021-12-14'),
(890, 359, 28, 10, '2021-12-14'),
(891, 360, 28, 20, '2021-12-14'),
(892, 361, 28, 10, '2021-12-14'),
(893, 362, 28, 20, '2021-12-14'),
(894, 363, 28, 10, '2021-12-14'),
(895, 364, 28, 30, '2021-12-14'),
(896, 365, 28, 20, '2021-12-14'),
(897, 82, 10, 90, '2021-12-14'),
(898, 84, 10, 40, '2021-12-14'),
(899, 85, 10, 30, '2021-12-14'),
(900, 86, 10, 30, '2021-12-14'),
(901, 174, 11, 60, '2021-12-14'),
(902, 175, 11, 50, '2021-12-14'),
(903, 87, 10, 30, '2021-12-14'),
(904, 348, 28, 40, '2021-12-14'),
(905, 88, 10, 40, '2021-12-14'),
(906, 89, 10, 40, '2021-12-14'),
(907, 93, 10, 30, '2021-12-14'),
(908, 91, 10, 40, '2021-12-14'),
(909, 94, 10, 30, '2021-12-14'),
(910, 172, 11, 40, '2021-12-14'),
(911, 50, 4, 420, '2021-12-14'),
(912, 390, 27, 90, '2021-12-14'),
(913, 313, 27, 120, '2021-12-14'),
(914, 318, 27, 60, '2021-12-14'),
(915, 349, 27, 120, '2021-12-14'),
(916, 354, 27, 120, '2021-12-14'),
(917, 371, 19, 60, '2021-12-15'),
(918, 204, 21, 20, '2021-12-15'),
(919, 243, 21, 90, '2021-12-15'),
(920, 393, 31, 94, '2021-12-15'),
(922, 393, 31, 50, '2021-12-15'),
(923, 282, 29, 90, '2021-12-15'),
(924, 283, 29, 90, '2021-12-15'),
(925, 284, 29, 90, '2021-12-15'),
(926, 344, 29, 70, '2021-12-15'),
(927, 34, 7, 60, '2021-12-15'),
(965, 345, 29, 30, '2021-12-15'),
(929, 209, 7, 25, '2021-12-15'),
(930, 343, 29, 90, '2021-12-15'),
(931, 124, 20, 30, '2021-12-15'),
(932, 297, 20, 60, '2021-12-15'),
(933, 250, 20, 150, '2021-12-15'),
(934, 251, 20, 120, '2021-12-15'),
(935, 252, 20, 30, '2021-12-15'),
(936, 386, 22, 420, '2021-12-15'),
(937, 262, 20, 30, '2021-12-15'),
(938, 268, 20, 10, '2021-12-15'),
(939, 389, 20, 30, '2021-12-15'),
(940, 369, 20, 30, '2021-12-15'),
(941, 301, 5, 135, '2021-12-15'),
(942, 228, 5, 85, '2021-12-15'),
(943, 229, 5, 95, '2021-12-15'),
(944, 230, 5, 105, '2021-12-15'),
(945, 232, 5, 115, '2021-12-15'),
(946, 303, 5, 45, '2021-12-15'),
(947, 379, 19, 30, '2021-12-15'),
(948, 260, 19, 30, '2021-12-15'),
(949, 391, 30, 240, '2021-12-15'),
(950, 398, 31, 125, '2021-12-15'),
(951, 258, 22, 60, '2021-12-15'),
(952, 322, 26, 30, '2021-12-15'),
(953, 351, 26, 60, '2021-12-15'),
(954, 253, 18, 45, '2021-12-15'),
(955, 276, 18, 45, '2021-12-15'),
(956, 291, 18, 150, '2021-12-15'),
(957, 350, 18, 15, '2021-12-15'),
(958, 402, 18, 25, '2021-12-15'),
(959, 401, 18, 150, '2021-12-15'),
(960, 385, 18, 60, '2021-12-15'),
(961, 296, 18, 120, '2021-12-15'),
(962, 32, 4, 120, '2021-12-15'),
(963, 403, 4, 120, '2021-12-15'),
(964, 373, 4, 240, '2021-12-15'),
(968, 185, 9, 90, '2021-12-15'),
(969, 139, 9, 60, '2021-12-15'),
(970, 125, 9, 55, '2021-12-15'),
(971, 43, 8, 150, '2021-12-15'),
(972, 44, 8, 150, '2021-12-15'),
(973, 45, 8, 90, '2021-12-15'),
(974, 377, 9, 45, '2021-12-15'),
(975, 47, 8, 30, '2021-12-15'),
(976, 129, 9, 150, '2021-12-15'),
(977, 179, 9, 35, '2021-12-15'),
(978, 36, 7, 60, '2021-12-15'),
(979, 181, 9, 30, '2021-12-15'),
(980, 37, 7, 30, '2021-12-15'),
(981, 26, 9, 25, '2021-12-15'),
(982, 88, 10, 40, '2021-12-15'),
(983, 87, 10, 30, '2021-12-15'),
(984, 89, 10, 30, '2021-12-15'),
(985, 28, 15, 90, '2021-12-15'),
(987, 150, 11, 80, '2021-12-15'),
(988, 152, 11, 60, '2021-12-15'),
(989, 161, 11, 60, '2021-12-15'),
(990, 165, 11, 30, '2021-12-15'),
(991, 173, 11, 60, '2021-12-15'),
(992, 378, 11, 30, '2021-12-15'),
(993, 320, 28, 30, '2021-12-15'),
(994, 339, 28, 30, '2021-12-15'),
(995, 340, 28, 20, '2021-12-15'),
(996, 348, 28, 60, '2021-12-15'),
(997, 356, 28, 20, '2021-12-15'),
(998, 357, 28, 30, '2021-12-15'),
(999, 358, 28, 20, '2021-12-15'),
(1000, 359, 28, 20, '2021-12-15'),
(1001, 360, 28, 30, '2021-12-15'),
(1002, 361, 28, 20, '2021-12-15'),
(1003, 362, 28, 30, '2021-12-15'),
(1004, 363, 28, 20, '2021-12-15'),
(1005, 364, 28, 60, '2021-12-15'),
(1006, 365, 28, 20, '2021-12-15'),
(1007, 82, 10, 90, '2021-12-15'),
(1008, 93, 10, 30, '2021-12-15'),
(1009, 167, 11, 90, '2021-12-15'),
(1010, 166, 11, 40, '2021-12-15'),
(1011, 78, 10, 40, '2021-12-15'),
(1012, 80, 10, 40, '2021-12-15'),
(1013, 90, 10, 30, '2021-12-15'),
(1014, 92, 10, 30, '2021-12-15'),
(1015, 94, 10, 30, '2021-12-15'),
(1016, 91, 10, 40, '2021-12-15'),
(1017, 96, 10, 40, '2021-12-15'),
(1018, 318, 27, 90, '2021-12-15'),
(1020, 349, 27, 90, '2021-12-15'),
(1021, 337, 27, 90, '2021-12-15'),
(1022, 315, 27, 90, '2021-12-15'),
(1023, 373, 4, 240, '2021-12-16'),
(1024, 153, 11, 90, '2021-12-16'),
(1025, 165, 11, 30, '2021-12-16'),
(1027, 392, 30, 90, '2021-12-17'),
(1028, 33, 4, 180, '2021-12-17');

--
-- Indexes for dumped tables
--

--
-- Indexes for table `projects`
--
ALTER TABLE `projects`
  ADD PRIMARY KEY (`id`);

--
-- Indexes for table `tasks`
--
ALTER TABLE `tasks`
  ADD PRIMARY KEY (`id`);

--
-- Indexes for table `users`
--
ALTER TABLE `users`
  ADD PRIMARY KEY (`id`);

--
-- Indexes for table `worksheets`
--
ALTER TABLE `worksheets`
  ADD PRIMARY KEY (`id`);

--
-- AUTO_INCREMENT for dumped tables
--

--
-- AUTO_INCREMENT for table `projects`
--
ALTER TABLE `projects`
  MODIFY `id` int(11) NOT NULL AUTO_INCREMENT, AUTO_INCREMENT=18;

--
-- AUTO_INCREMENT for table `tasks`
--
ALTER TABLE `tasks`
  MODIFY `id` int(11) NOT NULL AUTO_INCREMENT, AUTO_INCREMENT=410;

--
-- AUTO_INCREMENT for table `users`
--
ALTER TABLE `users`
  MODIFY `id` int(11) NOT NULL AUTO_INCREMENT, AUTO_INCREMENT=32;

--
-- AUTO_INCREMENT for table `worksheets`
--
ALTER TABLE `worksheets`
  MODIFY `id` int(11) NOT NULL AUTO_INCREMENT, AUTO_INCREMENT=1029;
COMMIT;

/*!40101 SET CHARACTER_SET_CLIENT=@OLD_CHARACTER_SET_CLIENT */;
/*!40101 SET CHARACTER_SET_RESULTS=@OLD_CHARACTER_SET_RESULTS */;
/*!40101 SET COLLATION_CONNECTION=@OLD_COLLATION_CONNECTION */;
